{"indices":[5,4,6,6,4,7,7,4,8,8,4,5,3,11,2,0,6,1,1,7,2,2,8,3,3,5,0,10,12,9,1,9,0,0,12,3,1,11,10,10,11,12,3,12,11,0,5,6,1,6,7,2,7,8,3,8,5,1,10,9,0,9,12,1,2,11],"vertices":[0.0,-0.80016,0.4145,0.4145,-0.80016,0.0,-0.0,-0.80016,-0.4145,-0.4145,-0.80016,-0.0,0.0,-2.80016,0.0,0.0,-0.80016,1.0,1.0,-0.80016,-0.0,-0.0,-0.80016,-1.0,-1.0,-0.80016,0.0,0.0,2.300359,0.190602,0.190602,2.300359,0.0,-0.0,2.300359,-0.190602,-0.190602,2.300359,-0.0]}