{"indices":[35,4,36,36,4,37,37,4,38,38,4,35,27,24,5,7,14,11,30,0,29,34,5,33,32,5,24,26,20,10,39,17,40,40,17,41,41,17,42,42,17,39,43,22,44,44,22,45,45,22,46,46,22,43,8,24,28,11,24,7,8,31,12,12,32,11,23,27,6,26,28,23,10,31,26,10,27,34,25,31,29,9,32,25,29,34,30,30,33,9,8,15,16,25,0,1,9,3,30,25,2,9,0,36,1,1,37,2,2,38,3,3,35,0,7,16,13,11,15,12,13,40,14,14,41,15,15,42,16,16,39,13,6,18,23,10,21,6,23,19,26,18,44,19,19,45,20,20,46,21,18,46,43,27,28,24,7,13,14,30,3,0,34,27,5,32,33,5,26,19,20,8,7,24,11,32,24,8,28,31,12,31,32,23,28,27,26,31,28,10,34,31,10,6,27,25,32,31,9,33,32,29,31,34,30,34,33,8,12,15,25,29,0,9,2,3,25,1,2,0,35,36,1,36,37,2,37,38,3,38,35,7,8,16,11,14,15,13,39,40,14,40,41,15,41,42,16,42,39,6,21,18,10,20,21,23,18,19,18,43,44,19,44,45,20,45,46,18,21,46],"vertices":[0.086862,-0.086862,-2.080591,0.086862,0.086862,-2.080591,-0.086863,0.086862,-2.080591,-0.086863,-0.086862,-2.080591,-0.0,0.0,-2.919409,-0.32954,0.32954,0.32954,-0.089877,-0.32954,0.089877,0.32954,0.089877,0.089877,0.32954,-0.089877,0.089877,-0.089877,0.089877,-0.32954,-0.089877,-0.32954,-0.089877,0.32954,0.089877,-0.089877,0.32954,-0.089877,-0.089877,2.080591,0.086862,0.086862,2.080591,0.086862,-0.086862,2.080591,-0.086863,-0.086862,2.080591,-0.086863,0.086862,2.919409,0.0,-0.0,0.086862,-2.080591,0.086862,0.086862,-2.080591,-0.086862,-0.086863,-2.080591,-0.086862,-0.086862,-2.080591,0.086862,-0.0,-2.919409,-0.0,0.089877,-0.32954,0.089877,0.32954,0.32954,0.32954,0.089877,0.089877,-0.32954,0.089877,-0.32954,-0.089877,-0.32954,-0.32954,0.32954,0.32954,-0.32954,0.32954,0.089877,-0.089877,-0.32954,-0.089877,-0.089877,-0.32954,0.32954,-0.32954,-0.32954,0.32954,0.32954,-0.32954,-0.32954,0.32954,-0.32954,-0.32954,-0.32954,-0.32954,0.296567,-0.296567,-2.080591,0.296567,0.296567,-2.080591,-0.296567,0.296567,-2.080591,-0.296567,-0.296567,-2.080591,2.080591,0.296567,0.296567,2.080591,0.296567,-0.296567,2.080591,-0.296567,-0.296567,2.080591,-0.296567,0.296567,0.296567,-2.080591,0.296567,0.296567,-2.080591,-0.296567,-0.296567,-2.080591,-0.296567,-0.296567,-2.080591,0.296567]  }