{
  "indices": [
      9, 
      8, 
      10, 
      10, 
      8, 
      11, 
      11, 
      8, 
      12, 
      12, 
      8, 
      13, 
      13, 
      8, 
      14, 
      14, 
      8, 
      15, 
      15, 
      8, 
      16, 
      16, 
      8, 
      9, 
      3, 
      19, 
      2, 
      0, 
      10, 
      1, 
      1, 
      11, 
      2, 
      2, 
      12, 
      3, 
      3, 
      13, 
      4, 
      4, 
      14, 
      5, 
      5, 
      15, 
      6, 
      7, 
      15, 
      16, 
      7, 
      9, 
      0, 
      23, 
      24, 
      20, 
      1, 
      17, 
      0, 
      0, 
      24, 
      7, 
      6, 
      22, 
      5, 
      4, 
      20, 
      3, 
      2, 
      18, 
      1, 
      6, 
      24, 
      23, 
      5, 
      21, 
      4, 
      3, 
      20, 
      19, 
      0, 
      9, 
      10, 
      1, 
      10, 
      11, 
      2, 
      11, 
      12, 
      3, 
      12, 
      13, 
      4, 
      13, 
      14, 
      5, 
      14, 
      15, 
      7, 
      6, 
      15, 
      7, 
      16, 
      9, 
      24, 
      17, 
      18, 
      18, 
      19, 
      24, 
      19, 
      20, 
      24, 
      20, 
      21, 
      22, 
      22, 
      23, 
      20, 
      1, 
      18, 
      17, 
      0, 
      17, 
      24, 
      6, 
      23, 
      22, 
      4, 
      21, 
      20, 
      2, 
      19, 
      18, 
      6, 
      7, 
      24, 
      5, 
      22, 
      21
  ], 
  "vertices": [
      0.0, 
      -1.0, 
      -0.482632, 
      0.341272, 
      -1.0, 
      -0.341272, 
      0.482632, 
      -1.0, 
      0.0, 
      0.341272, 
      -1.0, 
      0.341272, 
      -0.0, 
      -1.0, 
      0.482632, 
      -0.341272, 
      -1.0, 
      0.341272, 
      -0.482632, 
      -1.0, 
      -0.0, 
      -0.341272, 
      -1.0, 
      -0.341272, 
      0.0, 
      1.0, 
      0.0, 
      0.0, 
      -1.0, 
      -1.0, 
      0.707107, 
      -1.0, 
      -0.707107, 
      1.0, 
      -1.0, 
      0.0, 
      0.707107, 
      -1.0, 
      0.707107, 
      -0.0, 
      -1.0, 
      1.0, 
      -0.707107, 
      -1.0, 
      0.707107, 
      -1.0, 
      -1.0, 
      -0.0, 
      -0.707107, 
      -1.0, 
      -0.707107, 
      0.0, 
      -3.449344, 
      -0.482632, 
      0.341273, 
      -3.449344, 
      -0.341272, 
      0.482632, 
      -3.449344, 
      0.0, 
      0.341273, 
      -3.449344, 
      0.341272, 
      0.0, 
      -3.449344, 
      0.482632, 
      -0.341272, 
      -3.449344, 
      0.341272, 
      -0.482632, 
      -3.449344, 
      -0.0, 
      -0.341272, 
      -3.449344, 
      -0.341272
  ]
}